name,0,1,2,3,4,5,6,7,8,converged
25124,200.0,333.5538515841101,357.58757240819597,361.2846227945785,357.7451606618064,357.7451606618064,357.7451606618064,357.7451606618064,357.7451606618064,True
44739,200.0,326.82103559910917,196.24142372093664,318.8664109002731,186.03467700553028,225.88150262499985,164.34197778752767,203.30783691708444,191.9737241417741,True
19670A,200.0,188.62597843409108,,,,,,,,False
19670B,200.0,372.96698794737006,278.4377520492028,299.7992398781942,308.03308708406234,308.03308708406234,308.03308708406234,308.03308708406234,308.03308708406234,True
12833,200.0,221.48649526659543,221.8255347225917,221.7675461602091,222.04469639570894,222.04469639570897,222.04469639570897,222.04469639570897,222.04469639570897,True
44858,200.0,331.7069109157288,292.8301838272055,294.4584808746937,295.5317618264107,295.5317618264107,295.5317618264107,295.5317618264107,295.5317618264107,True
PHL1811,200.0,265.10591155499736,254.29509449991423,257.73123194089567,257.3922390718066,257.3922390718066,257.3922390718066,257.3922390718066,257.3922390718066,True
50433,200.0,202.15898159951954,198.97637547840543,206.0006917256735,200.4643558032182,200.4643558032182,200.4643558032182,200.4643558032182,200.4643558032182,True
