name,0,1,2,3,4,5,6,7,8,9,10,converged
25124,200.0,864.484035040448,877.9503389027244,874.1768891530951,877.3346075199676,877.3346075199676,877.3346075199676,877.3346075199676,877.3346075199676,877.3346075199676,877.3346075199676,True
44739,200.0,437.47733423805164,421.66789682821167,419.2494459310542,427.4472113204139,427.4472113204139,427.4472113204139,427.4472113204139,427.4472113204139,427.4472113204139,427.4472113204139,True
19670A,200.0,426.5399820775985,479.7099561618839,503.25278383144865,451.3140630191635,472.69356759630443,472.69356759630443,472.69356759630443,472.69356759630443,472.69356759630443,472.69356759630443,True
19670B,200.0,742.6011993005283,432.5248078152112,592.7096299534114,487.0646120840125,683.0519323074368,467.85100889172946,611.6852225190798,489.3238719663306,673.6684830894714,463.40540837730566,False
12833,200.0,494.3150245853114,488.1723518646058,495.1939644974284,486.6750501525865,486.6750501525865,486.6750501525865,486.6750501525865,486.6750501525865,486.6750501525865,486.6750501525865,True
44858,200.0,800.1279699350174,821.2854976477144,827.2205288530494,809.006951729658,809.006951729658,809.006951729658,809.006951729658,809.006951729658,809.006951729658,809.006951729658,True
PHL1811,200.0,638.6253854944222,557.3500428221203,574.3307327836461,565.9774293497288,565.9774293497288,565.9774293497288,565.9774293497288,565.9774293497288,565.9774293497288,565.9774293497288,True
