name,0,1,2,3,4,converged
25124,200.0,359.8240557832208,373.69543833387445,365.7630075833619,369.7903012181227,True
44739,200.0,196.05837005547724,201.3877742115938,188.86170905719538,205.07356683922967,True
19670A,200.0,172.61587012684348,,,,False
19670B,200.0,236.89950752547978,337.23976749754655,261.4178931546752,287.4505351537786,True
12833,200.0,219.1904196105088,228.87678593028602,218.36888065755625,228.10759629058217,True
44858,200.0,314.3298733589349,299.4601264794213,300.939888686328,301.6638869136138,True
PHL1811,200.0,274.83164634042237,263.62647560702914,263.92725082517256,264.6847165593167,True
50433,200.0,75.86017400092658,,,,False
