name,0,1,2,3,4,5,6,7,converged
19670A,200.0,358.6988799627628,526.5919576886879,599.8887505470412,469.49223532431535,517.4723461810947,578.3594158393342,565.2307451785779,True
19670B,200.0,815.0717451593317,522.9652295521624,594.4760219076156,590.1553473105671,590.1553473105671,590.1553473105671,590.1553473105671,True
12833,200.0,499.7816475677741,502.3449057974597,501.3987225372579,501.7801821745766,501.7801821745766,501.7801821745766,501.7801821745766,True
44858,200.0,793.4504943813666,756.5471517190418,733.8751245766763,726.2213525383766,726.2213525383767,726.2213525383767,726.2213525383767,True
PHL1811,200.0,603.5420145791153,555.8726051765954,577.4654354451574,563.093085669616,563.093085669616,563.093085669616,563.093085669616,True
