name,0,1,2,3,4,converged
25124,200.0,363.7370892384332,394.4412952737557,398.1750371553722,398.40093278276373,True
44739,200.0,211.94475107247666,205.66098362807034,206.40081122533846,205.53898471610884,True
19670A,200.0,174.41055150269528,,,,False
19670B,200.0,200.96527680571123,207.8995776950407,212.70015200002882,213.11455104186513,True
12833,200.0,255.78297742692106,255.61193904467422,255.62603828981895,255.50669953567956,True
44858,200.0,306.8123808593732,336.5012527115178,342.0267048626435,342.6992003830389,True
PHL1811,200.0,294.5016644205648,308.7987325160847,311.04592536676904,311.5837614338839,True
50433,200.0,244.9512757323888,253.77067047890156,257.71147026149373,259.5974259262193,True
