name,0,1,2,3,4,converged
25124,200.0,833.9249402527693,887.3093989425062,871.1925893611289,867.7840609187064,True
44739,200.0,437.11735958778604,412.72339352452195,429.3985539975627,421.30485379284033,True
19670A,200.0,457.9828689180268,468.96494109190854,462.13613299853904,471.238119717272,True
19670B,200.0,621.2631900081319,449.6407580458875,542.5051578711449,490.5500579343667,True
12833,200.0,495.28974060752876,484.93207542901837,482.98295477167846,480.36304182405496,True
44858,200.0,699.3803833023159,632.9563249021555,611.4947622582835,625.1812629971631,True
PHL1811,200.0,619.5378867939933,551.2708030287987,553.4619486074531,556.0054183274046,True
50433,200.0,434.61559698458376,501.229761457321,468.69970976020005,471.5967892707393,True
