name,0,1,2,3,4,converged
25124,200.0,746.857718651858,885.3442762385276,901.7741019801615,894.3281753189434,True
44739,200.0,654.0471928920153,414.915058055935,430.8333355756481,420.32770875493276,True
19670A,200.0,448.457550702228,489.53773942754395,457.88025645721484,471.7464173882592,True
19670B,200.0,836.4849869925944,519.8493731876553,534.9593195563677,535.9876367925444,True
12833,200.0,502.1009233093211,488.8271046156315,489.2056532711773,491.08894007595075,True
44858,200.0,731.8844461860384,648.5428199776584,623.4772052227673,621.7870687968009,True
PHL1811,200.0,591.1187467844181,560.1305390600097,570.9557930621021,567.6828215254823,True
50433,200.0,442.9388540625754,497.79468823943216,459.10670067367977,476.22852507948,True
