name,0,1,2,3,4,5,6,7,8,9,10,converged
25124,200.0,385.5109444727905,386.6293399317711,385.9750885326164,385.68547346331286,385.6854734633129,385.685473463313,385.685473463313,385.685473463313,385.685473463313,385.685473463313,True
44739,200.0,197.55669231318606,187.550386857961,207.11860650983593,309.2352526838594,175.75799568778112,226.87107784348302,179.36487157388535,216.44115713614366,182.63273818009998,208.91053847362636,False
19670A,200.0,192.6758131295567,236.57605009561271,177.02267603789858,250.66005759126807,,,,,,,False
19670B,200.0,332.19922192119384,273.27779745747506,352.3014408750403,271.809700038119,334.7580787739752,281.90130624704864,305.3363494112149,305.33634941121494,305.33634941121494,305.33634941121494,True
12833,200.0,222.6921322211305,226.93351195757748,225.74480599247735,225.235003642911,225.235003642911,225.235003642911,225.235003642911,225.235003642911,225.235003642911,225.235003642911,True
44858,200.0,357.48760723070933,332.20138674852245,317.60723627345595,326.6347690357219,326.63476903572194,326.634769035722,326.634769035722,326.634769035722,326.634769035722,326.634769035722,True
PHL1811,200.0,286.5856662840495,266.3204960102233,268.2329422851598,269.0271908350223,269.0271908350223,269.0271908350223,269.0271908350223,269.0271908350223,269.0271908350223,269.0271908350223,True
