name,0,1,2,3,4,5,6,7,8,9,10,converged
25124,200.0,364.4010061212937,374.67567470077654,371.3095672148106,364.7911470394257,364.7911470394257,364.7911470394257,364.7911470394257,364.7911470394257,364.7911470394257,364.7911470394257,True
44739,200.0,191.3530448205047,196.98758982375168,195.10411197506525,190.71091605957633,190.71091605957636,190.7109160595764,190.71091605957642,190.71091605957645,190.71091605957648,190.7109160595765,True
19670A,200.0,188.21921452100253,,,,,,,,,,False
19670B,200.0,318.77470142660894,245.02109313561678,308.7070235204209,248.24084613045534,319.27887647886104,244.40944419937972,331.75990052861994,260.67144004877093,217.90899271244197,400.1597242742249,False
12833,200.0,215.7034669831071,227.12300204701313,222.4409293504354,224.02574236250436,224.02574236250436,224.02574236250436,224.02574236250436,224.02574236250436,224.02574236250436,224.02574236250436,True
44858,200.0,328.5222160131688,284.95025401575293,293.51295234965414,287.7098647319965,287.7098647319965,287.7098647319965,287.7098647319965,287.7098647319965,287.7098647319965,287.7098647319965,True
PHL1811,200.0,276.1891604210769,263.179014825155,259.35031154509494,262.0239574581955,262.0239574581955,262.0239574581955,262.0239574581955,262.0239574581955,262.0239574581955,262.0239574581955,True
50433,200.0,200.1100145382357,199.9653650553836,200.11199546756816,199.9653650553836,199.9653650553836,199.9653650553836,199.9653650553836,199.9653650553836,199.9653650553836,199.9653650553836,True
