name,0,1,2,3,4,converged
25124,200.0,742.2502007917182,863.995991102458,867.8070133532548,867.6252867364669,True
44739,200.0,404.91813373463935,486.8093753854914,549.8613021490339,553.2525471204472,True
19670A,200.0,326.4857319474501,426.76832046110167,467.60056859778217,465.76673623981327,True
19670B,200.0,382.1799193702793,475.29156824815243,507.22506424758143,519.7404393298818,True
12833,200.0,500.13292678282585,534.2797714522907,556.0813780029594,556.5719727814321,True
44858,200.0,611.271044116862,740.3118504855125,760.78473426862,764.1339223227084,True
PHL1811,200.0,581.7064295989255,644.9399095239884,645.1688188545597,645.4093877882532,True
50433,200.0,476.29194296027987,505.78772959352267,501.5716603120172,500.0412609059435,True
