name,0,1,2,3,4,5,6,7,8,9,10,converged
25124,200.0,372.11819694658465,363.9851241485597,378.1042340292944,367.8149845350814,367.8149845350814,367.8149845350814,367.8149845350814,367.8149845350814,367.8149845350814,367.8149845350814,True
44739,200.0,197.39698514306068,201.0269121284357,209.72583468900476,205.16045378490477,205.1604537849048,205.1604537849048,205.1604537849048,205.1604537849048,205.1604537849048,205.1604537849048,True
19670A,200.0,206.62114628783806,12.51458267750622,,,,,,,,,False
19670B,200.0,278.7904453470832,250.9218198926277,290.95066631353694,257.38463007339277,302.7935141622843,242.6192672931995,397.59739143493437,292.13191165978577,249.99013153137858,223.0535881440203,False
12833,200.0,223.12353688104153,225.2305276817059,223.00266532277698,225.11591926863375,225.11591926863375,225.11591926863375,225.11591926863375,225.11591926863375,225.11591926863375,225.11591926863375,True
44858,200.0,313.21341452955676,287.1147961261906,286.6911965754983,285.17711666222067,285.17711666222067,285.17711666222067,285.17711666222067,285.17711666222067,285.17711666222067,285.17711666222067,True
PHL1811,200.0,278.1681202751198,262.4029527950054,259.47799694248977,262.8565062867693,262.8565062867693,262.8565062867693,262.8565062867693,262.8565062867693,262.8565062867693,262.8565062867693,True
50433,200.0,196.2556186501577,194.46606098768228,195.44873271042846,194.43668266781555,194.43668266781555,194.43668266781555,194.43668266781555,194.43668266781555,194.43668266781555,194.43668266781555,True
