name,0,1,2,3,4,5,6,converged
25124,200.0,870.693814904515,883.4304043046302,887.7492982170625,884.9072761111601,884.9072761111603,884.9072761111603,True
44739,200.0,477.85795471114665,505.3990677437869,591.829632950713,430.5295003448544,441.9298900625574,441.9298900625574,True
19670A,200.0,421.4054151415355,504.1772561258226,571.5797372488142,567.5777407978223,567.5777407978223,567.5777407978223,True
19670B,200.0,834.3348580489279,557.1422288723722,665.5301129746638,501.0165644809672,610.6790337723637,574.8290782191538,True
12833,200.0,495.91499867647246,498.862199720152,499.2532224055368,499.9657886850333,499.9657886850334,499.9657886850334,True
44858,200.0,799.5192557673123,779.8269605440314,771.9530742713026,767.7724406137681,767.7724406137681,767.7724406137681,True
PHL1811,200.0,603.163704203873,556.3878658008346,581.4770058918905,563.1284234578271,563.1284234578271,563.1284234578271,True
