name,0,1,2,3,4,5,6,7,converged
25124,200.0,805.8898769938899,893.3499640757815,897.9022190446013,897.9034720902655,897.9034720902656,897.9034720902656,897.9034720902656,True
44739,200.0,434.10037057640824,423.05424881920317,416.4936865137987,430.46685770957,430.46685770957,430.46685770957,430.46685770957,True
19670A,200.0,381.38240405650555,466.0503237311907,471.24452940443297,462.6302929637003,462.6302929637003,462.6302929637003,462.6302929637003,True
19670B,200.0,526.3797208907346,507.9936735703048,515.202920234314,507.5877555693803,507.5877555693803,507.5877555693803,507.5877555693803,True
12833,200.0,486.40450569538785,489.47502884158035,495.2306463607943,485.7286812593491,485.7286812593492,485.72868125934923,485.7286812593493,True
44858,200.0,701.9179440020897,646.4197101186686,606.1730940554442,616.5588215408342,616.5588215408342,616.5588215408342,616.5588215408342,True
PHL1811,200.0,611.9749863571825,552.9048240612259,553.8993926986847,553.9928128798368,553.9928128798368,553.9928128798368,553.9928128798368,True
50433,200.0,165.1678315091385,406.41409065436136,224.53563509519338,576.9803588756308,446.28594132895466,248.1642298724152,,False
