name,0,1,2,3,4,5,6,7,8,9,converged
25124,200.0,333.9119629327672,357.87155135949905,361.46293066071644,362.8436658562029,362.8436658562029,362.8436658562029,362.8436658562029,362.8436658562029,362.8436658562029,True
44739,200.0,293.27914271768725,175.38948571078137,196.10337893155747,361.0485037596945,193.7035070891044,207.70097216558273,207.70097216558273,207.70097216558273,207.70097216558273,True
19670A,200.0,202.39837082781472,12.51458267750622,,,,,,,,False
19670B,200.0,373.41697281026654,268.26009683409745,251.07047179801927,385.584710236608,265.504567258361,343.5489600310715,279.56422378082385,308.4055199721921,285.37153640449975,True
12833,200.0,226.1377198035201,220.00589888097235,224.6471592740416,219.74042159794118,219.74042159794118,219.74042159794118,219.74042159794118,219.74042159794118,219.74042159794118,True
44858,200.0,327.50904677280835,295.67360586911224,288.04829148847546,291.9777429845589,291.9777429845589,291.9777429845589,291.9777429845589,291.9777429845589,291.9777429845589,True
PHL1811,200.0,265.6268626831633,255.2905297189605,256.7071907614879,256.96028557485727,256.96028557485727,256.96028557485727,256.96028557485727,256.96028557485727,256.96028557485727,True
50433,200.0,199.94752586457807,201.78041273277032,199.12954370583506,199.07385688222627,199.07385688222627,199.07385688222627,199.07385688222627,199.07385688222627,199.07385688222627,True
