name,0,1,2,3,4,converged
25124,200.0,746.0424389161883,890.0724749938328,913.8767715462005,900.7269934745775,True
44739,200.0,730.2603318224492,379.77795354340793,433.95510201756315,420.592226139944,True
19670A,200.0,417.41620651931646,503.40932301056364,457.72302924811004,474.31150191360484,True
19670B,200.0,835.4589945645241,412.2010004390486,553.6182213824554,556.6430602657603,True
12833,200.0,491.59118651036357,498.3330393176424,484.824406238789,498.347236890313,True
44858,200.0,741.4340183799901,648.042543482888,609.2201131370944,630.2656446704817,True
PHL1811,200.0,589.9387551138408,561.0740894253344,572.1477500610716,566.522872626719,True
50433,200.0,447.9258102573781,496.66823338952065,457.5516650959623,484.11597663847033,True
