name,0,1,2,3,4,5,6,7,8,9,10,converged
25124,200.0,388.23140113064136,384.03031629876705,388.49144913644574,383.61196444611545,383.61196444611545,383.61196444611545,383.61196444611545,383.61196444611545,383.61196444611545,383.61196444611545,True
44739,200.0,215.45784919650512,306.87825246047476,176.10653369974827,220.6355286720345,186.07529139985166,211.37889847827287,309.7519572569502,173.8508598574548,220.19697526113595,187.6108658357586,False
19670A,200.0,190.3968857291277,223.23302864147783,195.03603905382462,191.91716661878786,191.91716661878786,191.91716661878786,191.91716661878786,191.91716661878786,191.91716661878786,191.91716661878786,True
19670B,200.0,372.4739474314712,273.5914731569159,360.48468877777947,276.824353126269,367.7961959085265,273.8366266439667,366.7647902628668,275.067545219645,361.7551595003366,276.39886954230843,False
12833,200.0,223.4002652749829,224.17133990188827,224.0446203113512,223.94212498854887,223.94212498854887,223.94212498854887,223.94212498854887,223.94212498854887,223.94212498854887,223.94212498854887,True
44858,200.0,357.2204105744032,329.7737708435579,317.8308453402578,321.85002041090127,321.85002041090127,321.85002041090127,321.85002041090127,321.85002041090127,321.85002041090127,321.85002041090127,True
PHL1811,200.0,270.94351913334435,258.69322753200026,263.7029551918723,259.1195012752774,259.1195012752774,259.1195012752774,259.1195012752774,259.1195012752774,259.1195012752774,259.1195012752774,True
