name,0,1,2,3,4,5,6,7,converged
25124,200.0,334.4334052144837,360.50103171891243,357.73078224637004,359.72803015720393,359.72803015720393,359.72803015720393,359.72803015720393,True
44739,200.0,205.22757390000686,248.10851514357807,213.6221490089454,204.93330187655377,204.9333018765538,204.93330187655383,204.93330187655386,True
19670A,200.0,253.79212061920387,228.273063072339,231.45614117247294,248.4912166373089,248.4912166373089,248.4912166373089,248.4912166373089,True
19670B,200.0,325.9003240209759,289.58533184940165,330.0214656323809,300.6627990113551,300.6627990113551,300.6627990113551,300.6627990113551,True
12833,200.0,225.79037579818765,219.6847397669217,225.96811832935882,218.82986372009282,218.82986372009285,218.82986372009287,218.82986372009287,True
44858,200.0,326.5457449128633,298.33959227497365,296.73024158035264,292.13429372587524,292.13429372587524,292.13429372587524,292.13429372587524,True
PHL1811,200.0,264.20761970234554,257.73722108775854,260.1369200489036,20.372319787046315,207.40764008350834,265.367741856491,258.1835326631997,True
50433,200.0,,,,,,,,False
