name,0,1,2,3,4,5,6,7,8,9,10,converged
19670A,200.0,162.52392212999237,236.46380224027132,227.73930548757755,29.438391261426343,150.90153272456166,233.8906280707249,229.54974249349243,229.54974249349243,229.54974249349243,229.54974249349243,True
19670B,200.0,364.02342034723387,275.70221260528365,366.97864759187576,270.9427361161994,386.930615001514,277.6308226569398,359.5896307934463,274.5308096841848,371.4442134788134,276.6574525074363,False
12833,200.0,225.11144144713015,227.13545244410017,226.83560453146595,226.6708671182519,226.67086711825192,226.67086711825195,226.67086711825195,226.67086711825195,226.67086711825195,226.67086711825195,True
44858,200.0,354.556316470057,328.4667449554037,318.1105298552355,317.28549445637253,317.28549445637253,317.28549445637253,317.28549445637253,317.28549445637253,317.28549445637253,317.28549445637253,True
PHL1811,200.0,271.11047535283507,255.69714911681402,261.38654451789483,257.6285438406521,257.6285438406521,257.6285438406521,257.6285438406521,257.6285438406521,257.6285438406521,257.6285438406521,True
