name,0,1,2,3,4,converged
25124,200.0,748.0448670736401,913.3214615544377,917.2920820093801,923.6832610920303,True
44739,200.0,454.77329050363323,419.4553285214607,427.24190714215626,424.24954689955064,True
19670A,200.0,564.6083599803491,464.7864992634872,478.0846829915428,461.7413856966541,True
19670B,200.0,728.2715869683486,426.2842475633257,569.0172727644466,557.5225007146443,True
12833,200.0,501.3159431338765,492.2752587512498,498.61287805890106,487.6076620494923,True
44858,200.0,729.693372274741,650.399410363307,620.9860941770281,623.8339566969779,True
PHL1811,200.0,587.904156937769,564.7658698802337,574.8334608068869,569.6004291953828,True
50433,200.0,,,,,False
