SPEC_PATH,EXPOSURE,COUNT_RATE,COUNT_RATE_ERR,Lx_0.5_2.0,Lx_0.5_2.0-,Lx_0.5_2.0+,Lx_0.01_100.0,Lx_0.01_100.0-,Lx_0.01_100.0+
/mnt/ufs18/rs-033/mc2/OVI_groups/notebooks/lum_temp_rad_pipeline/chandra_spec/J215437.2-091532.4_obsid2957_grp.pi,9382.28125,-0.0004209938236,0.003556162637,0.003011711308,0.003011711308,0.0020608480804491596,0.003989519118,0.003956117473248984,0.003705155582986015

