MODEL,TOTAL_EXPOSURE,TOTAL_COUNT_RATE,TOTAL_COUNT_RATE_ERR,NUM_UNLINKED_THAWED_VARS,FIT_STATISTIC,TEST_STATISTIC,DOF,kT|3,kT|3-,kT|3+,norm|6,norm|6-,norm|6+
constant*tbabs*apec,19812.78516,0.02274010028,0.002172732414,2,39.66129551,38.88153227,39,1.60492697,0.28923187699999997,0.7271156860000001,0.000361724859,6.118155699999999e-5,6.038095059999999e-5
