SPEC_PATH,EXPOSURE,COUNT_RATE,COUNT_RATE_ERR,Lx_0.5_2.0,Lx_0.5_2.0-,Lx_0.5_2.0+,Lx_0.01_100.0,Lx_0.01_100.0-,Lx_0.01_100.0+
/mnt/ufs18/rs-033/mc2/OVI_groups/notebooks/lum_temp_rad_pipeline/chandra_spec/r2500/12833A_obsid15378_grp.pi,19812.78516,0.009604462926,0.0009329837479,0.04538894274,0.002980019823063492,0.004482289078839701,0.06726735949,0.0062572481125513415,0.008225343578919395

