SPEC_PATH,EXPOSURE,COUNT_RATE,COUNT_RATE_ERR,Lx_0.5_2.0,Lx_0.5_2.0-,Lx_0.5_2.0+,Lx_0.01_100.0,Lx_0.01_100.0-,Lx_0.01_100.0+
/mnt/ufs18/rs-033/mc2/OVI_groups/notebooks/lum_temp_rad_pipeline/chandra_spec/12833A_obsid15378_grp.pi,19812.78516,0.0147172667,0.001957315373,0.06584005626,0.005871832069781052,0.01100657688186793,0.1028480457,0.012928370448188203,0.01518518365150143

