MODEL,TOTAL_EXPOSURE,TOTAL_COUNT_RATE,TOTAL_COUNT_RATE_ERR,NUM_UNLINKED_THAWED_VARS,FIT_STATISTIC,TEST_STATISTIC,DOF,kT|3,kT|3-,kT|3+,norm|6,norm|6-,norm|6+
constant*tbabs*apec,19812.78516,0.003496714871,0.001603440398,2,14.49469027,14.37218783,19,2.725639752,2.5402334493,-2.725639752,5.601026514e-5,3.995157071000001e-5,4.048332682999999e-5
