SPEC_PATH,EXPOSURE,COUNT_RATE,COUNT_RATE_ERR,Lx_0.5_2.0,Lx_0.5_2.0-,Lx_0.5_2.0+,Lx_0.01_100.0,Lx_0.01_100.0-,Lx_0.01_100.0+
/mnt/ufs18/rs-033/mc2/OVI_groups/notebooks/lum_temp_rad_pipeline/chandra_spec/12833B_obsid15378_grp.pi,19812.78516,0.003496714871,0.001603440398,0.01446511364,0.01446511364,0.005000473012880385,0.0298220659,0.029822065899999996,0.01842329102988297

