name,est_ra,est_dec,redshift
25124,243.6290552,26.73024,0.186
44739,229.79362,28.33175,0.118
19670A,150.25671,50.793942,0.134
19670B,150.21492,50.805014,0.134
12833,129.4968,44.2487,0.145
44858,230.112,28.88775,0.127
PHL1811,328.76992,-9.5888055,0.077