name,est_ra,est_dec,redshift
12833B,129.44508999,44.37863255,0.147
PHL1811B,328.65528456,-9.25911786,0.078
25124B,243.5057968,26.6870772,0.187