SPEC_PATH,EXPOSURE,COUNT_RATE,COUNT_RATE_ERR,Lx_0.5_2.0,Lx_0.5_2.0-,Lx_0.5_2.0+,Lx_0.01_100.0,Lx_0.01_100.0-,Lx_0.01_100.0+
/mnt/ufs18/rs-033/mc2/OVI_groups/notebooks/lum_temp_rad_pipeline/chandra_spec/J215504.8-093520_obsid2957_grp.pi,9382.28125,0.1783094999,0.006350573289,0.1216205519,0.004079780994390147,0.004447990957511804,0.2902726934,0.03901141451929827,0.0365565370926027

