MODEL,TOTAL_EXPOSURE,TOTAL_COUNT_RATE,TOTAL_COUNT_RATE_ERR,NUM_UNLINKED_THAWED_VARS,FIT_STATISTIC,TEST_STATISTIC,DOF,kT|3,kT|3-,kT|3+,norm|6,norm|6-,norm|6+
constant*tbabs*apec,9382.28125,0.1783094999,0.006350573289,2,129.5255046,121.1558725,75,3.582644378,0.9409951940000001,1.892222237,0.001634203774,9.954365300000011e-5,0.00010130559799999988
