MODEL,TOTAL_EXPOSURE,TOTAL_COUNT_RATE,TOTAL_COUNT_RATE_ERR,NUM_UNLINKED_THAWED_VARS,FIT_STATISTIC,TEST_STATISTIC,DOF,kT|3,kT|3-,kT|3+,norm|6,norm|6-,norm|6+
constant*tbabs*apec,9382.28125,0.1761964253,0.006225386151,2,136.4315082,131.0023484,73,3.839162671,1.0766710449999999,2.1518735359999996,0.001605917307,9.690904999999986e-5,9.882681399999999e-5
